foot,top,int
6.6751000000000005,30.532829999999997,135.262048798015
5.4867,33.948299999999996,143.3766663621
5.7996,32.9787,141.1968406135
5.872000000000001,31.484039999999997,137.93841637217
6.6667,31.667449999999995,137.81005515547
5.6194999999999995,33.4416,142.24781167830002
5.8555,32.89684,141.0297244687
5.4323999999999995,33.727,142.95481857299998
8.2279,29.18674,130.788836517
5.322900000000001,34.3216,144.3146854835
6.2926,32.82933,140.606496052565
5.6959,33.1952,141.76457942800002
6.355300000000001,30.002920000000003,134.38060683175001
5.2794,34.9416,145.61047530780002
5.5473,33.1858,141.76032451
7.7435,28.85726,130.61335844262
5.8462000000000005,31.08821,137.15568381299
5.6082,34.3287,144.157438163
6.906,29.043239999999997,131.823179694365
6.3368,32.55724,140.05035838845
5.268000000000001,34.6299,144.9581335445
5.5424,32.9708,141.275087851
6.2822,30.855700000000002,136.365383805225
7.0061,32.3009,138.88689478464
5.6091,30.77525,136.552990583595
7.7744,29.1208,131.14135975543
5.4854,32.8837,141.1562693545
5.2996,35.4204,146.6949468
5.745900000000001,29.889139999999998,134.5094936718
6.4066,30.527350000000002,135.44991101119
6.3078,33.7196,142.544044229
5.3047,34.1019,143.78084819400001
6.1868,31.903019999999998,138.69260977625999
5.9361,31.23983,137.39308593619
6.4824,31.130959999999998,136.822873044
7.5957,27.53595,127.84099817509998
6.266500000000001,32.862289999999994,140.72541720550498
5.3153,35.439899999999994,146.69371035899997
5.3237000000000005,34.0888,143.75036782
6.5661000000000005,33.06875,140.910288412645
5.7201,33.6635,142.68782518700002
5.5566,34.1085,143.6612811335
7.554600000000001,30.818089999999998,135.12481031602
6.0808,31.456449999999997,137.78932248882
6.061800000000001,33.232099999999996,141.645923268
5.2898,31.2043,137.6490482091
6.0999,32.39734,139.883976550885
5.1752,34.24999999999999,144.20624691899997
5.25,34.2079,144.097299491
6.0698,32.715559999999996,140.47936500174998
7.584499999999999,30.5296,134.46769214694
5.2435,33.0573,141.63900623245001
5.4916,34.9512,145.5856896685
6.1404000000000005,31.263920000000002,137.31582994674
5.0341000000000005,34.872099999999996,145.5778873125
7.4938,28.36438,129.67705973094
5.3252999999999995,33.281699999999994,142.06249988449997
5.6224,30.124180000000003,135.14036899424502
8.8699,27.201210000000003,125.49841880585001
7.7798,30.210659999999997,133.57264660545
5.2232,31.8533,139.08925928099998
5.0785,34.3793,144.5802204805
8.1945,30.352,133.48222275395
6.174300000000001,32.42253,139.77429773298002
6.6091,29.38009,132.72019122069
6.2263,28.40125,130.90585734753
5.2553,33.279700000000005,142.10053890800003
5.2288,34.51350000000001,144.71294318045003
5.602200000000001,33.223600000000005,141.85853041800002
8.8148,27.96824,127.23025816660001
5.2474,33.0726,141.639331885
8.1484,25.021449999999998,121.44436480821
5.458699999999999,32.936299999999996,141.2520830225
6.6732000000000005,27.717550000000003,128.98612217119
5.6350999999999996,34.018299999999996,143.44142117349998
6.372400000000001,30.087480000000003,134.46103846273
5.985899999999999,27.68841,129.35929120658
5.8426,31.450020000000002,137.87379242276
6.049799999999999,32.49977,140.0706733214
9.0593,27.827669999999998,126.57372513399999
5.6334,32.24601,139.69172754678
5.8608,29.26062,133.09584394826
5.515,35.458099999999995,146.6356966395
7.6251999999999995,30.239620000000002,133.77406893900002
6.2165,31.303230000000003,137.37029969033
5.2908,34.7596,145.1736853875
5.203100000000001,33.2526,142.0709741251
5.163600000000001,32.28687,139.975298417125
7.033399999999999,31.04723,136.19933247699998
5.8777,31.503599999999995,138.023165836795
5.752800000000001,29.391820000000003,133.42337762086
5.464099999999999,34.754,145.1462921841
6.3818,29.548260000000003,133.33835909643003
5.2306,34.8847,145.597780234
6.0955,31.721469999999997,138.311696770885
5.9738999999999995,30.543390000000002,135.9130145028
6.6442,32.02,138.56725012248
5.6538,34.0606,143.594618723
6.1236999999999995,32.0483,138.97244207511
5.5434,32.8177,140.91831129020002
6.041499999999999,34.012100000000004,143.28860458850002
5.1433,32.24613,139.9109937135
5.2127,33.114399999999996,141.76080309255
5.9948,31.45248,137.847642583205
5.1754,34.5957,144.927850993
8.8269,26.504749999999998,124.01997305565
8.555399999999999,25.779607000000002,122.76044932143999
5.1979,32.7622,141.072525655
8.2804,31.03435,134.8304791685
5.692399999999999,34.955,145.47414913545
5.109,35.799800000000005,147.579872499
6.3572,29.157300000000003,132.497412750545
5.8691,31.65249,138.395987800415
5.7451,31.93545,139.019464836465
7.2585,28.715809999999998,130.74406588249
6.826499999999999,32.72011,139.86926172727
6.4594,30.076320000000003,134.41619222567
5.2306,35.3903,146.5989435765
5.0404,33.5773,142.85675880464998
5.375100000000001,31.7341,138.778616844
6.4092,28.02353,129.851880319905
5.191599999999999,36.3857,148.7858486815
5.6103000000000005,33.4023,142.20379008449999
5.8387,31.13862,137.2104404389
6.673900000000001,30.809870000000004,135.88865145848
6.0833,29.41216,133.26229993484
5.555,33.2806,141.93787185
7.157400000000001,28.02571,129.296825060485
5.906000000000001,33.494,142.2444636785
5.532,33.547999999999995,142.5800275486
5.203600000000001,35.1094,146.0121255295
8.6029,25.598381,122.17606333660001
7.612299999999999,28.964149999999997,131.077132304705
6.5608,30.59916,135.47968152893
7.3585,27.84036,128.71047476728
5.510000000000001,31.44024,138.029233821495
5.8104,33.873400000000004,143.0380930085
5.4909,36.4153,148.7594070755
8.4609,30.36841,132.99981770120002
5.2608,34.2772,144.192742503
7.922000000000001,29.59403,131.98949822284
5.4333,32.889140000000005,141.13050551994502
6.3619,29.54315,133.3700251885
5.9846,30.55649,135.8271639103
5.6541,33.4138,142.16835250050002
5.6791,31.79895,138.78139896062
5.5434,34.4121,144.36461523650001
6.6256,30.33307,134.79394708879
5.5657,33.4318,142.2203823614
5.435600000000001,34.809400000000004,145.27850067800003
5.3662,33.4674,142.4778153505
6.0433,27.51195,128.92709774673
5.716099999999999,34.4255,144.282115606
5.6273,31.47908,138.00687691221
5.5395,34.180899999999994,143.83743645144997
4.9818,36.311499999999995,148.78208819099999
6.8297,31.26354,136.71866255603499
5.3411,34.7588,145.161465276
9.082,25.416875,121.212461567
5.0876,34.1798,144.13500124375
8.809099999999999,25.747535999999997,122.23170720122499
4.8508000000000004,36.5868,149.3208575217
7.4768,28.12522,129.26259421241
6.1938,31.1465,136.994524376015
5.238300000000001,36.053999999999995,148.132600913
7.6966,27.912100000000002,128.41929284811
6.4594,31.15934,137.0024283829
5.6105,29.26988,133.22220039876
7.8815,25.63425,123.117252456005
6.8108,30.60917,135.35275807855
6.1075,31.95001,138.86904820626998
5.8984000000000005,33.317099999999996,141.86007831999999
6.2851,28.594749999999998,131.35311570978502
5.544599999999999,35.637699999999995,147.03796301399998
6.241,28.74111,131.633534562415
5.5883,33.6144,142.6495202495
7.2409,31.784129999999998,137.46803945805
5.2747,33.7276,142.9866893755
4.9564,34.647999999999996,145.20111468049998
5.766900000000001,30.509690000000003,135.86016363204
5.3969000000000005,31.482979999999998,138.167990890205
5.483700000000001,36.0202,147.900343262
5.6947,31.5039,138.05514099562
6.4116,32.98588,140.7882935369
7.964700000000001,30.16975,133.1508642242
9.9575,21.77000000000018,111.3935850128737
5.9316,33.9984,143.23985519835
5.5598,32.184729999999995,139.67868983288497
5.993399999999999,30.778840000000002,136.31248748222
6.948600000000001,32.85079,140.05865754897002
6.877,33.6873,142.002313375
6.1843,30.74885,136.202052756515
6.673900000000001,33.69654,142.1882833881
8.4824,29.89632,131.924226366
5.692,33.5983,142.5568386905
4.865,35.442,146.92318612999998
5.7628,33.384100000000004,142.07629000100002
6.9099,27.431130000000003,128.16264211526
5.215300000000001,34.747,145.2748357065
5.53,34.078700000000005,143.632608211
5.453799999999999,32.509,140.37830389153
4.8111,35.8424,147.809685176
6.4472,28.643670000000004,131.23723286118002
5.5175,32.7149,140.78963281365
5.6751,29.14553,132.8941746131
5.1515,34.9161,145.607643741
5.1715,33.4114,142.37499272105
5.0097000000000005,33.15,141.9828705335
5.8665,33.0206,141.1656235529
6.8604,31.35812,136.913976614095
7.308400000000001,31.185629999999996,136.07600522681
6.2304,29.86674,134.088631541405
5.8484,34.893899999999995,145.181555186
4.8014,34.3283,144.50766614949998
5.6041,32.88230000000001,141.01469051150002
5.1911,30.971930000000004,137.15238670139001
4.8888,33.9359,143.783909992
6.6662,28.711470000000002,131.299899192145
4.6468,34.975699999999996,145.93241005765
7.933599999999999,24.68001,120.87341064184
5.1086,31.325400000000002,137.983471729
6.0221,33.6344,142.439670403
5.2353000000000005,35.0134,145.85472209649998
5.0838,32.6697,140.9490685032
5.2428,34.1195,143.8892903137
7.0253,30.45,134.77681362345
5.5189,34.232600000000005,144.0063860235
5.2364,31.96613,139.28707316443
5.1429,36.7589,149.59801271199998
6.4088,29.46408,133.166903953945
4.8373,36.7401,149.5643944655
6.255800000000001,33.562,142.169388265
5.7452000000000005,34.8454,145.2017079065
6.5756000000000006,29.0694,132.20821966990002
9.1898,23.024,115.36222747096444
4.9375,33.61259999999999,142.94510128449997
5.6552999999999995,29.797829999999998,134.40507146979002
8.238100000000001,26.5499,124.9024880796
5.4276,33.438199999999995,142.341095291
6.0915,32.48582,140.069064073055
9.08,27.4155,125.6476013107
5.6791,30.85333,136.67594810125001
6.5972,27.65079,128.94444902051998
6.7262,30.13698,134.302140891275
5.5047999999999995,31.70752,138.6505588515
8.4973,26.756929999999997,125.0562265833
4.7987,36.9549,150.06695808150002
6.3836,28.203899999999997,130.38706466896
5.3167,34.7796,145.2125909705
5.4504,34.5716,144.69958038549998
5.410500000000001,33.361200000000004,142.10519210145
5.8412,31.542969999999997,138.21772958181998
5.9901,28.960720000000002,132.29198680401
6.1281,34.074799999999996,143.30728234255
5.745,33.5466,142.41415810249998
9.096499999999999,29.04514,129.25601890155
5.4110000000000005,33.241820000000004,141.836595242685
7.3126,30.083610000000004,133.8316568686
6.5375000000000005,30.686429999999998,135.95363523935
5.0261,33.897,143.5663336185
5.3207,33.088,141.661707925
8.5074,29.913450000000005,131.96277709210003
5.3585,29.416800000000002,133.60715391973
6.738499999999999,34.03128,142.90306740921
5.2766,31.84595,139.005971092075
6.7248,25.415329999999997,123.52883515808
5.4369,31.042299999999997,137.21164528659
5.8752,34.7044,144.7669852025
5.488300000000001,34.541,144.76501990999998
5.0638000000000005,32.4574,140.52000142699998
5.5364,35.658300000000004,147.10020058950002
4.9544,35.887,147.841094284
6.335699999999999,32.95723,140.83041617541502
7.0565,29.224590000000003,132.19554667445001
6.1564,33.63,142.44893760300002
4.7991,34.4752,144.799266834
4.9431,32.1296,139.807585114
6.6508,29.530500000000004,133.14446990865002
5.9173,35.499599999999994,146.4724763797
5.9057,33.3894,141.9898308125
9.5673,27.067999999999998,124.1068016573
8.115400000000001,25.487904999999998,122.525000910365
4.8727,35.316700000000004,146.641141567
4.9042,33.1074,141.9407155235
6.2476,33.886500000000005,142.81817660100003
5.6482,32.53171,140.32063293473
6.3302000000000005,32.59415,140.1660142494
4.939,37.1948,150.5475904695
6.045,30.27483,135.20935521071
4.6843,34.6686,145.365800669
5.6503000000000005,30.993190000000002,137.03515002373499
5.5377,35.4457,146.536684094
8.6328,25.492369999999998,122.06465642984999
5.4068000000000005,33.396,142.259031118
6.3876,31.27766,137.09612522524
5.3919,29.97163,134.87790158747
4.945,36.48609999999999,149.02478207349998
6.7791999999999994,32.159060000000004,138.68858572226
7.0899,29.63367,132.985615386605
4.7663,35.2041,146.42568096354998
5.3986,33.271300000000004,142.03637799450001
5.8864,27.644930000000002,129.27358215590502
5.2475000000000005,36.5967,149.22613889755
7.237299999999999,22.333584,115.43865723319001
7.0428,22.954714999999997,117.12719453007999
5.4884,31.37755,137.8954462563
5.2822000000000005,33.6691,142.876766341
5.2629,32.4461,140.26777557055
6.8926,31.939879999999995,138.11638040066498
5.901800000000001,36.0398,147.6115000232
7.1406,28.67894,130.81945331061
8.5199,25.432674,121.91467269665
5.322900000000001,32.28137,139.97284787963002
5.868799999999999,34.2776,143.872704043
6.4047,33.668200000000006,142.27366000900003
6.242999999999999,27.17754,128.04846195852
5.3180000000000005,32.7021,140.857156332
4.4437,37.154399999999995,150.382329748
5.5267,34.918400000000005,145.41108456700002
6.5878000000000005,30.99968,136.48108234675
7.2334,31.868409999999997,137.78055386866
5.531700000000001,35.611,146.9504284775
4.6626,37.161100000000005,150.4385661015
6.7855,29.13391,132.105513197405
9.5514,27.902551,126.06662180348499
9.3633,27.275570000000002,124.84680122660001
5.8122,32.00535,139.05945749756
8.423300000000001,26.36746,124.2099281238
5.3286,32.09953,139.55862610637
4.8666,36.811400000000006,149.72977872980002
6.783099999999999,30.9203,136.05517049703
7.1061,31.384280000000004,136.7085149884
7.3751999999999995,33.066579999999995,140.12115313464997
5.2665,33.040699999999994,141.57756514599998
5.4206,34.9602,145.5402609089
5.8712,34.8122,145.005615673
6.582,29.6528,133.36637775035
8.7932,24.122686,118.62188590821
7.1606000000000005,32.19981,138.5910847319
4.9154,35.026399999999995,145.99150328
7.3054,22.92343,116.971819403355
7.096299999999999,31.79267,137.58058392654002
6.3883,33.01345,140.884663952935
6.0173,29.953500000000002,134.481416094915
5.779,33.613299999999995,142.4944655418
4.8774,36.78540000000001,149.70402166550002
9.445400000000001,22.680207,114.265144684515
6.337000000000001,27.90296,129.62666621055
9.262,22.423140699999998,113.94894263956
4.6688,36.894600000000004,149.93177961450002
4.7659,37.0118,150.1523880721
5.1058,33.5358,142.740445011
6.966,28.687520000000003,131.00117037705502
5.3514,33.791000000000004,143.07766228100002
6.3983,30.23944,134.8802470839
5.562,30.259600000000002,135.4723296287
8.3917,23.893358999999997,118.41449630577499
4.9376,36.0856,148.2884586065
6.1243,32.52296,140.013206067355
6.8425,30.87831,135.72315843112
5.4778,31.114300000000004,137.3971980437
7.4974,29.26471,131.82922640934
7.0926,26.84417,126.62391833494
6.4873,33.21192,141.288961007155
6.3558,35.3745,145.9192319849
5.4832,32.608599999999996,140.59475269548997
5.0482000000000005,32.3278,140.2309675195
5.8494,30.25673,135.26467998436001
5.7925,31.43626,137.813074716695
7.7471,25.26296,122.34010157434001
4.9823,34.2216,144.14722953585
5.5178,34.896,145.363876812
6.138599999999999,28.748389999999997,131.71200978811999
9.5384,22.527023300000003,113.85257668856501
5.5611,32.52974,140.27900132374498
5.3764,36.7772,149.568743254
8.288499999999999,25.82039,123.16309400229999
7.3937,30.112710000000003,133.61019755680002
5.1254,31.132600000000004,137.5329465989
6.084199999999999,29.487840000000002,133.506723807795
6.1449,33.9028,142.931340353
5.5302,35.8665,147.5257776595
5.7634,33.904700000000005,143.1413795285
6.5981000000000005,32.58026,139.88208562015
5.0835,33.9484,143.60710271565
6.3459,32.66359,140.115113465515
8.1094,29.51355,131.59523907742
4.6783,35.3115,146.726515661
5.3115000000000006,36.5481,149.13224665549998
5.5645999999999995,34.8956,145.33023716655
5.3811,36.3926,148.78817140150002
7.800000000000001,26.384600000000002,124.68634886400001
6.2892,32.2129,139.21307053161
4.7258,33.6499,143.2043964778
6.9097,25.866030000000002,124.50992845443
6.7623999999999995,23.43185,118.428438418615
7.4367,28.87,130.830994851765
4.5482,36.8813,149.89517223880003
5.7299,29.00018,132.52982740501
6.4559999999999995,34.9781,144.981055279
7.0489,28.51691,130.6883826317
4.7818,35.5096,147.09614512849998
6.0222,26.714239999999997,126.9804585581
9.4622,24.568262,118.77746331273501
7.6099000000000006,25.085741,121.985872309915
5.1072,34.988800000000005,145.807200461
5.0826,35.6785,147.3185521195
6.163499999999999,30.307260000000003,135.19675439937
5.8641,30.80622,136.6018411341
6.8764,30.139280000000003,134.3862210319
4.9671,35.2067,146.3259985015
5.375299999999999,29.648100000000003,134.06979370455
4.8615,32.7307,141.18070437665
5.6823,30.58641,136.15384684879498
4.8559,33.3399,142.5235682785
4.8079,31.44298,138.28293606257
7.149,24.64632,121.35295432603
6.1695,34.392,143.915976249
6.1023000000000005,29.990360000000003,134.707251827095
5.9001,28.654889999999998,131.639186430505
5.8169,33.8771,143.017486822
8.825,29.379509999999996,130.62370559355
8.5917,23.782799,117.662780801295
5.2584,32.295300000000005,139.98185610608002
6.078900000000001,29.458640000000003,133.37792978492502
7.210999999999999,30.727839999999997,135.14128876411
6.3382000000000005,32.93181,140.76253263383998
8.7835,22.91405339,115.61075837821801
6.065899999999999,27.53634,128.96284190921
8.2229,30.162930000000003,132.80755369085
4.7924,35.3261,146.71221820169998
6.5896,32.74331,140.21697382226
5.178700000000001,32.27795,140.03473606224
6.7864,32.828,140.26941389225001
6.1919,28.25452,130.56338596064
6.1617999999999995,34.38,144.062279773
6.3116,28.71029,131.46667616659
4.986800000000001,36.7937,149.74400711375
7.3370999999999995,30.82734,135.31730731321
5.0144,36.648300000000006,149.38631167500003
5.252599999999999,35.1486,146.03253509450002
8.114799999999999,25.777368,123.153087999215
5.9457,29.61879,133.85458199219
5.7648,34.704499999999996,144.8477497335
4.902699999999999,36.319,148.756724138
6.549199999999999,27.79275,129.268405297675
4.6846,36.5774,149.31592170695
5.8013,33.4279,142.11247581745
5.9688,32.66875,140.50127912287002
6.7909,34.6583,144.126623858
5.8738,33.1622,141.4592973504
9.4434,27.212618,124.67389042699999
5.6731,34.1115,143.625724591
5.378500000000001,35.729,147.3187806805
4.839,32.5981,140.908317944
5.895099999999999,29.379260000000002,133.36069167754
5.5897,33.766799999999996,142.9956583705
9.1893,27.3836,125.37579386525
5.3906,34.6795,144.988202632
8.6947,23.314987,116.755453631295
7.7979,30.51245,134.072601754175
9.4776,24.860509,119.31514773032
4.653,35.3747,146.8401676759
5.225999999999999,35.961800000000004,147.929077735
9.2644,21.426,111.4547359478002
5.7726999999999995,33.4809,142.304982454
5.23,33.8903,143.386601593
6.7995,25.93804,124.78107200686
7.2606,25.987699999999997,124.63142874454999
5.1441,32.904799999999994,141.3715510085
6.0785,31.492959999999997,137.878393476455
7.6335,27.43038,127.43293588128999
6.2397,33.06693,141.08038682912
4.8847000000000005,33.8913,143.63687031950002
5.829,28.614780000000003,131.514696448105
7.9537,26.173090000000002,124.14633957533
6.5916,30.002000000000002,134.11391178888002
4.745,37.05460000000001,150.23422854150002
5.7875,28.81886,132.10914487445
4.553,36.8985,149.9068405715
5.4052,36.4543,148.870759308
8.4494,25.902483,122.95451802859999
5.7330000000000005,30.2281,135.3278115555
6.182600000000001,32.94384,140.84875046539
9.6398,26.137902999999998,121.943486861
4.9639,31.3892,138.1382227865
7.121300000000001,29.58416,132.755896949035
5.4879999999999995,31.119760000000003,137.380889322505
6.005700000000001,34.622299999999996,144.53436918499997
4.8792,35.7353,147.569531613
5.1302,35.202099999999994,146.25845820624997
5.3803,35.9691,147.872431719
4.7888,32.9808,141.738938317
9.597900000000001,24.53800000000561,118.00555151747365
5.5945,28.72448,131.88452150796002
5.5261000000000005,32.29309,139.82849353088
6.564100000000001,34.8096,144.57169304505
9.4261,26.972849,124.15097922320001
4.8502,36.9631,150.0886407605
6.7547999999999995,29.530870000000004,133.01414050645
6.9392,34.505799999999994,143.6292539015
5.2418,33.8144,143.22044649
5.6106,33.8977,143.25663427799998
9.5548,26.553724,122.99179616035
8.379,22.031028999999997,113.8944165219
5.059,36.423,148.89452982
5.1195,34.023399999999995,143.68005159365
5.415100000000001,29.031560000000002,132.699835121245
6.1997,34.567499999999995,144.2529889716
4.9599,36.5848,149.2497726981
4.7937,34.431999999999995,144.7867125284
4.8269,33.399300000000004,142.60900155565
4.6370000000000005,33.79369,143.3828743547
8.115400000000001,29.53088,131.6701519701
5.647,36.0514,147.86567323354998
5.9301,34.459900000000005,144.20010812085002
8.3651,29.402710000000003,130.91535975669998
6.1226,33.09797,141.245750197
5.6143,31.71211,138.59421707535
5.9367,32.609,140.466983281
7.1995,27.77066,128.48813397501
5.0927,36.775999999999996,149.60672467765
5.3323,30.657799999999998,136.3990686418
5.5225,34.5507,144.741123917
9.6457,26.554768999999997,122.80014672325
7.0345,28.051869999999997,129.51402704897998
7.9403999999999995,29.215919999999997,131.230216468885
6.2318,33.264799999999994,141.64116743149998
6.4424,32.09759,138.72532208527
9.2067,23.673951499999998,116.906379257515
5.6332,33.5816,142.5900574405
5.556,36.801199999999994,149.5028007601
4.9021,35.1899,146.3534148885
6.6657,26.856589999999997,126.917143768735
6.623099999999999,30.59955,135.48129881414
5.4251000000000005,34.7694,145.15630176464998
6.8135,32.82838,140.04222607362502
8.168,29.94496,132.45906399965
6.395300000000001,26.36896,126.01641891860001
5.0838,34.444,144.6689274645
4.7479,35.795199999999994,147.71918350849998
5.0991,36.1237,148.2993902385
5.4143,30.599039999999995,136.25713898249998
6.4208,29.37901,133.04794774837
5.6404,34.9518,145.402720373
6.3119000000000005,28.68848,131.57368589768498
6.298500000000001,33.00636,140.910597472935
5.3546000000000005,32.87613,141.06173692058002
9.6541,22.85100000021357,114.39027567728795
7.718,30.89893,134.98756249454001
5.3919,34.6306,144.89480103550002
5.721699999999999,35.9131,147.51023110865
7.4918,27.46765,127.773847115365
5.5184999999999995,33.109550000000006,141.58181099154
5.4632000000000005,32.46751,140.2411971105
6.1564,31.13687,136.873566561375
4.957,37.140299999999996,150.4536304634
5.3157,36.2036,148.372230355
4.6106,37.0009,150.1155761093
7.9193,24.446454,120.433384978977
5.331099999999999,30.93847,137.05695637099
5.0856,34.2396,144.1688084685
4.8521,33.7583,143.23165941185
6.2921000000000005,33.2146,141.41029107105
5.055300000000001,36.386,148.890425082
4.9869,37.0769,150.3452162227
4.9314,34.8679,145.57446914115
5.476,36.5866,149.11921469355002
6.7454,27.87144,129.24584338967
5.440300000000001,32.54142,140.45571808735002
8.655899999999999,24.726211,120.134301240505
6.0027,31.22019,137.26704339444
5.5215000000000005,34.5516,144.66316424885
4.5782,36.795500000000004,149.7381701705
6.126200000000001,32.7946,140.569878022635
6.2635,33.1796,141.307175266
5.2474,35.3377,146.498860241
8.3529,24.472583,119.984516397058
7.7918,27.19924,126.7504501202
9.8756,23.7370552,116.04343734077499
7.0478,28.88351,131.32989292070002
9.8824,24.179740900000002,117.08894694094
4.6479,37.072100000000006,150.2669872083
6.4758000000000004,28.53248,130.98617680933998
7.7699,28.24997,129.23274718013
4.793,37.132,150.4135543195
4.7731,36.3974,148.953968111
9.0919,21.022000000002077,110.63448159012614
6.4241,35.2065,145.61050761399997
6.4727,31.83078,138.261671589435
7.3855,31.627119999999998,136.88895279142
5.266,33.09354,141.59381517
4.6653,37.378899999999994,150.82294512649997
7.0611999999999995,30.67653,135.4048787219
9.4472,28.93367,128.4321196016
6.145899999999999,31.5831,138.060265403255
6.7661999999999995,25.750220000000002,124.07942012379
5.3527000000000005,35.721000000000004,147.28769861950002
10.214,20.994000000020097,109.08755913300476
10.588999999999999,17.273000000012253,98.6810655386427
6.1211,34.7376,144.7153765505
5.493,35.570800000000006,146.869214639
7.739700000000001,23.885669,119.08314226878
4.451,37.350899999999996,150.77121400299998
5.3355,36.7058,149.457655436
8.2022,22.815853999999998,116.034888366446
4.7094000000000005,36.52640000000001,149.1616409635
5.2019,31.3833,138.056056514
6.9765,25.202849999999998,122.73610182642
5.356,36.2853,148.48230659360001
7.8329,30.137169999999998,133.45120550449
8.0609,25.387646,122.364710746975
5.5792,32.7683,140.88082765375
5.4225,35.9958,147.89756448875
6.329000000000001,32.852399999999996,140.55259779109
5.4841,28.51977,131.501884129115
5.3702000000000005,35.166399999999996,146.04387969349997
5.4481,29.01905,132.63268488282
5.4716,30.476090000000003,135.95237371574999
9.432,24.338945000000002,118.150103979585
4.6827000000000005,33.786300000000004,143.49408081195
4.8521,33.112300000000005,142.03001528615002
6.0137,34.176500000000004,143.57031221900002
5.336600000000001,30.95014,136.92017994571
8.6536,24.657738,120.00484835336
8.0267,26.223109999999995,124.28221206920999
7.418900000000001,29.497439999999997,132.23720976023
8.7303,29.771930000000005,131.27802624900002
7.199299999999999,30.12029,133.921703619835
5.4681999999999995,34.4962,144.49316955199998
5.532,34.4073,144.336408431
4.7978,37.1296,150.3936333905
5.421200000000001,33.4881,142.4726198585
9.580400000000001,25.025107000000002,119.50279401593501
8.4976,28.130439999999997,128.03089388454998
8.6283,27.601640000000003,126.68937551645
7.7068,27.7561,127.96953211382
9.9041,19.63800000020439,105.54092025853538
5.5546,29.790699999999998,134.433632551495
6.294499999999999,31.3563,137.31529130199002
5.394299999999999,29.55064,133.93066661003
7.014200000000001,25.568720000000003,123.72386788136
7.714499999999999,24.796330000000005,121.2938084452
7.9735,31.7341,136.53564273950002
5.5104,34.481700000000004,144.49871850000002
5.4052999999999995,34.8057,145.2394465145
5.6028,35.169000000000004,145.9067573355
5.5557,35.6527,147.07034447685
6.7574000000000005,24.81159,122.083269405155
7.1657,30.729740000000003,135.29143362020503
6.054399999999999,31.629349999999995,138.166669985185
4.9985,34.7362,145.28402462945
6.1017,34.1466,143.513390114
8.6538,30.7949,133.64224841075
7.4497,31.82572,137.24658996291498
4.8477,32.97730000000001,141.7236991606
5.2447,33.3639,142.281765831
4.8242,37.0655,150.27460097
4.8231,36.28509999999999,148.69960717125
5.001799999999999,36.384100000000004,148.788683544
5.3698,33.177499999999995,141.85881545049997
6.0138,34.4829,144.2155365978
4.9707,37.0555,150.29712857
5.9768,30.04038,134.57708566307
7.5265,30.7117,134.8144072408
4.9429,34.8849,145.7556656055
6.6912,26.78698,126.77144459451
8.6389,29.49432,130.93025690545
5.8763,33.7719,142.91400684250002
8.197799999999999,31.95316,136.8577293961
5.243,33.4915,142.54132884900002
9.1432,27.060010000000002,124.67978936585
7.682099999999999,30.71029,134.8547516891
7.1168,27.578219999999998,128.20010920846
5.2856000000000005,31.390200000000004,138.09267613400002
5.91,35.3071,146.04071254599998
9.5514,20.24000000006254,108.09551667266146
6.5630999999999995,33.455,141.6455663865
4.8854999999999995,32.844300000000004,141.43837468945
6.4542,33.3875,141.5762601076
4.6541,37.0531,150.2249352835
4.8857,33.9799,143.843311816
4.684,36.342800000000004,148.87442969745
5.1256,34.1836,144.11897175299998
6.0312,33.59451,142.36590532209001
6.3545,33.83390000000001,142.63089157380003
6.5639,31.05067,136.43652910211
5.1192,34.4585,144.6247855145
4.7504,37.1224,150.38419747950002
5.5767,36.0295,147.84429367250002
9.4092,27.223554000000004,124.7763973954
5.595400000000001,32.21012,139.647001577145
6.076899999999999,30.8813,136.6805807325
4.8426,33.567099999999996,142.9637845295
5.693099999999999,34.7672,144.9904720025
10.508,19.01800000002902,103.77571746299702
7.0241,23.602847,118.8621079919
5.882899999999999,30.471449999999997,135.603157525755
4.6251,33.2777,142.41961913595
7.7067,25.825400000000002,123.76609525154001
5.7232,30.180899999999998,135.106388036265
4.7812,37.0946,150.3636898227
8.9392,19.6710000002706,107.24807497884251
6.398899999999999,28.069229999999997,129.96815078302998
6.0744,30.906249999999996,136.367748688435
5.9670000000000005,34.7592,144.837773565
4.5173000000000005,37.34779999999999,150.72332387515
5.1874,31.59136,138.51000396587
8.4681,24.435782,119.539913045855
5.514099999999999,35.2234,146.1824312165
4.7627999999999995,35.2539,146.5314266375
4.5226,37.6462,151.368972155
6.4171,34.42427,143.976406330485
7.1808000000000005,31.412580000000002,136.654063058815
6.3014,33.6594,142.3106993505
4.7647,34.3455,144.65515053315
5.8293,32.49742,140.126541312
5.0992999999999995,30.21,135.345905894
7.2924,33.18537,140.4076130476
5.2083,30.5521,136.20452736415
9.2947,25.525869999999998,120.912830997915
5.3276,35.6472,147.11893625550002
5.0474,32.925599999999996,141.49746203349997
9.1877,26.007873999999997,122.35835641733
6.212400000000001,29.50854,133.381276253855
5.5421,30.884890000000002,136.85062916266
6.9143,32.0752,138.29152141719
5.1942,36.5579,149.14168733999998
6.4081,31.90605,138.679951530605
6.9404,28.172099999999997,129.61659972444
4.681100000000001,35.7268,147.615846178
9.6035,25.488726999999997,120.55279886248499
6.5606,30.61901,135.372765172045
5.4006,35.510400000000004,146.82375211250002
6.7571,31.18302,136.640040601925
6.2124999999999995,31.624769999999994,138.13458741623998
5.6515,31.00954,137.040909501865
5.3363000000000005,33.0024,141.43324085075
5.666799999999999,33.964,143.336286555
4.7954,33.553200000000004,142.99917667265
5.084999999999999,32.53787,140.51395754737
4.7725,37.27839999999999,150.69171791
7.7645,21.494282000000002,112.92790737938601
6.0138,28.151899999999998,130.46520097497
6.8724,34.783899999999996,144.332410089
6.32,30.511360000000003,135.52485023881
5.4711,35.577200000000005,146.925234015
5.338500000000001,30.84,136.8180418905
8.2427,27.54795,127.2805677235
8.981,28.71168,128.5436442897
4.7529,36.964600000000004,150.07618289045
9.261800000000001,23.784618000000002,117.164231966575
9.2737,25.615674,121.05278977246499
5.5818,29.529290000000003,133.76890693917
8.4799,23.639565,117.67743716558
7.5680000000000005,23.82767,119.108539940435
8.953,20.600000000000065,109.6308015460537
5.2771,32.9974,141.465992909
4.522,36.850899999999996,149.85648262429999
5.373,36.549,149.07179332500002
8.1743,26.816954999999997,125.31002230658
6.3883,28.292149999999996,130.426769110675
5.2097999999999995,31.87638,139.07526745128
5.2981,34.8082,145.2575936035
8.2399,32.77091,138.66821403845
5.4514,30.991410000000002,137.1018218094
9.634,25.20464,119.554287374685
6.0434,36.1125,147.73438295850002
4.8,35.802400000000006,147.69783955800003
6.427199999999999,26.03931,125.17678033299
4.9545,34.202999999999996,144.254189968
6.858300000000001,33.407700000000006,141.30566254900003
8.5997,32.56767,137.72489430185001
5.3452,37.1606,150.3801828456
8.8965,28.55624,128.36327802325
6.2413,32.51975,140.11410405528
4.8658,33.6469,143.12780465555
6.3295,31.446239999999996,137.45351592812997
6.339700000000001,25.33391,123.47254133615
5.1952,33.1126,141.69939714813
5.6406,35.6358,146.92122299700003
6.4551,32.69469,140.1888537615
4.9417,37.1876,150.53278457355
4.9607,34.305800000000005,144.35397777100002
5.895200000000001,33.45725,142.17819909731
6.398899999999999,34.1475,143.2511443175
4.964799999999999,33.683400000000006,143.09277903950002
4.6508,37.2978,150.6856010855
6.784400000000001,27.554930000000002,128.54273997217
8.5854,18.420000000000286,103.81886052690477
4.985,34.11280000000001,143.89402709750004
7.7428,29.49278,131.92136129543
6.879499999999999,29.63517,132.932038087085
4.537,36.9659,150.04604526145
6.512700000000001,32.33511,139.409251282
9.968900000000001,20.501000000058824,108.23694094423186
5.3408999999999995,30.675800000000002,136.453741278
7.561,29.01772,130.91029983156
4.3669,37.6545,151.3858792832
5.0381,31.848000000000003,139.1923096035
4.9784,36.0863,148.29097553655
4.5713,37.2304,150.5521384167
9.2911,21.361000000004356,111.29737829893239
5.6159,35.665200000000006,147.043785017
6.5714,34.1905,143.250066943
9.4994,25.974392,121.74964565277
4.3275999999999994,37.45420000000001,150.93321279285001
5.1036,30.6898,136.52152030335
5.141299999999999,35.4824,146.8448496345
7.8796,24.585473999999998,120.394565778915
5.7916,36.7107,149.13937279799998
5.4975,29.94238,134.706218469345
5.9984,27.704439999999998,129.39894369747
4.8596,36.3372,148.80123086900002
6.0514,28.84002,131.82380063436
4.8864,37.1138,150.3916169335
5.4849000000000006,35.2629,146.34913805000002
5.3036,37.0733,150.26486658065002
6.5584,27.298108,127.741476245169
10.22,21.02900000002924,109.13090066825158
5.901199999999999,32.05568,139.05470896583
6.5055,29.17468,132.34637326184
5.5411,29.079089999999997,132.73532900573
9.8743,16.392000000005304,97.33696486595029
5.2747,35.8262,147.5757709705
4.676,35.394299999999994,146.86438984199998
4.6277,36.0363,148.2615458659
7.0294,30.98076,135.817747706255
4.6242,37.15259999999999,150.42225795049998
7.4626,31.73888,137.23056232794002
4.4706,37.304,150.65972463949998
5.4084,34.31720000000001,144.18546688450002
6.047700000000001,33.18502,141.47833277602
4.7926,35.648599999999995,147.395575765
5.3852,31.30375,137.641689467355
8.7909,28.94185,129.34123743895
7.7685,31.180710000000005,135.66096023497002
4.8014,36.0117,148.155774531
4.7258,32.506,140.64641409365
5.9258,33.3952,141.96249871305002
8.8676,21.032000000000007,110.84807921911751
5.2543,31.087,137.38039969185002
5.2242999999999995,35.3121,146.4012445725
5.67,30.26093,135.483708120415
4.6777999999999995,37.0853,150.266842913
8.390600000000001,27.067420000000002,125.60134378085
4.6746,35.616400000000006,147.34759090335
4.9277999999999995,31.438740000000003,138.247869415825
7.8481000000000005,27.62695,127.68365444823
5.064,30.8566,136.913641152
7.4993,31.707559999999997,137.113994358025
9.515,18.08900000003253,102.51638399203506
5.5667,29.12341,132.83895224378
4.8979,34.8849,145.73522813375
4.9829,37.075100000000006,150.30008296350002
7.6805,29.83693,132.65163472257
8.7412,27.181759999999997,125.5462783015
7.1171,24.45017,120.91138974607999
5.5482,35.7674,147.2669365542
6.7692,34.4781,143.709245571
8.4199,30.00308,132.17534275025
5.5004,33.0238,141.33758430405
9.335,20.95000000008309,109.99992784936026
5.7636,34.2531,143.8796102105
6.632,25.54574,123.86623900842999
5.4793,34.176899999999996,143.8458569819
8.1434,30.19629,133.0635268982
7.253500000000001,24.450359999999996,120.791988533495
6.1629000000000005,31.7214,138.27574306512
7.0621,32.27774,138.64856843635002
5.483099999999999,37.188900000000004,150.3088619493
4.71,36.661500000000004,149.48582497815
5.1259999999999994,31.899,139.2628349975
