length(mm),radius(mm)
0.0, 4.35404521595
0.0253156146179, 4.35191033104
0.0506312292359, 4.34975013052
0.0759468438538, 4.34761524561
0.101262458472, 4.34548036071
0.12657807309, 4.3433454758
0.151893687708, 4.34118527528
0.177209302326, 4.33905039037
0.202524916944, 4.33691550547
0.227840531561, 4.33480593618
0.253156146179, 4.33267105127
0.278471760797, 4.33053616636
0.303787375415, 4.32842659707
0.329102990033, 4.32631702778
0.354418604651, 4.32420745849
0.379734219269, 4.3220978892
0.405302990033, 4.31998874249
0.430618604651, 4.31790448881
0.455934219269, 4.31582023513
0.481249833887, 4.31373598146
0.506565448505, 4.31165172778
0.531881063123, 4.30959278972
0.557196677741, 4.30753385165
0.582512292359, 4.30547491359
0.607827906977, 4.30341597553
0.633143521595, 4.30138235308
0.658459136213, 4.29934873063
0.683774750831, 4.2973404238
0.709090365449, 4.29530680135
0.734405980066, 4.29329849452
0.759721594684, 4.2913155033
0.785037209302, 4.28930719647
0.81035282392, 4.28734952087
0.835668438538, 4.28536652965
0.860984053156, 4.28340885404
0.886299667774, 4.28145117844
0.911615282392, 4.27949350284
0.93693089701, 4.27756114285
0.962246511628, 4.27565409847
0.987562126246, 4.27372173848
1.01287774086, 4.27181469411
1.03819335548, 4.26993296535
1.0635089701, 4.26802592097
1.08882458472, 4.26614419221
1.11414019934, 4.26428777907
1.13945581395, 4.26243136592
1.16502458472, 4.26057537536
1.19034019934, 4.25874427783
1.21565581395, 4.2569131803
1.24097142857, 4.25508208276
1.26628704319, 4.25327630085
1.29160265781, 4.25147051893
1.31691827243, 4.24969005263
1.34223388704, 4.24790958633
1.36754950166, 4.24612912003
1.39286511628, 4.24437396934
1.4181807309, 4.24261881865
1.44349634551, 4.24088898358
1.46881196013, 4.23915914851
1.49412757475, 4.23742931344
1.51944318937, 4.23572479398
1.54475880399, 4.23402027452
1.5700744186, 4.23231575506
1.59539003322, 4.23063655122
1.62070564784, 4.22895734738
1.64602126246, 4.22727814354
1.67133687708, 4.22562425531
1.69665249169, 4.22397036708
1.72196810631, 4.22234179447
1.74728372093, 4.22068790624
1.77259933555, 4.21908464924
1.79791495017, 4.21745607662
1.82323056478, 4.21585281962
1.8485461794, 4.21424956263
1.87386179402, 4.21267162124
1.89917740864, 4.21109367986
1.92449302326, 4.20951573847
1.95006179402, 4.20793821967
1.97537740864, 4.2063855939
2.00069302326, 4.20483296813
2.02600863787, 4.20330565797
2.05132425249, 4.20177834782
2.07663986711, 4.20025103766
2.10195548173, 4.19872372751
2.12727109635, 4.19722173296
2.15258671096, 4.19571973842
2.17790232558, 4.1942430595
2.2032179402, 4.19274106496
2.22853355482, 4.19126438603
2.25384916944, 4.18978770711
2.27916478405, 4.18833634379
2.30448039867, 4.18688498048
2.32979601329, 4.18543361717
2.35511162791, 4.18398225386
2.38042724252, 4.18255620616
2.40574285714, 4.18113015847
2.43105847176, 4.17970411077
2.45637408638, 4.17827806307
2.481689701, 4.17687733099
2.50700531561, 4.17547659891
2.53232093023, 4.17407586683
2.55763654485, 4.17270045036
2.58295215947, 4.17129971828
2.60826777409, 4.16992430181
2.6335833887, 4.16857420096
2.65889900332, 4.16719878449
2.68421461794, 4.16584868363
2.7097833887, 4.16449900536
2.73509900332, 4.16314890451
2.76041461794, 4.16179880366
2.78573023256, 4.16047401842
2.81104584718, 4.15914923318
2.83636146179, 4.15782444794
2.86167707641, 4.15652497832
2.88699269103, 4.15520019308
2.91230830565, 4.15390072345
2.93762392027, 4.15260125383
2.96293953488, 4.15130178421
2.9882551495, 4.1500276302
3.01357076412, 4.14872816057
3.03888637874, 4.14745400656
3.06420199336, 4.14617985256
3.08951760797, 4.14493101416
3.11483322259, 4.14365686015
3.14014883721, 4.14240802176
3.16546445183, 4.14115918336
3.19078006645, 4.13991034497
3.21609568106, 4.13866150657
3.24141129568, 4.13743798379
3.2667269103, 4.1361891454
3.29204252492, 4.13496562262
3.31735813953, 4.13374209984
3.34267375415, 4.13251857706
3.36798936877, 4.13132036989
3.39330498339, 4.13009684711
3.41862059801, 4.12889863995
3.44393621262, 4.12770043278
3.46925182724, 4.12650222562
3.49482059801, 4.12532975665
3.52013621262, 4.12413154948
3.54545182724, 4.12295865793
3.57076744186, 4.12178576638
3.59608305648, 4.12061287483
3.6213986711, 4.11943998328
3.64671428571, 4.11826709173
3.67202990033, 4.11709420018
3.69734551495, 4.11594662424
3.72266112957, 4.11479904831
3.74797674419, 4.11365147237
3.7732923588, 4.11250389643
3.79860797342, 4.1113563205
3.82392358804, 4.11023406018
3.84923920266, 4.10908648424
3.87455481728, 4.10796422392
3.89987043189, 4.1068419636
3.92518604651, 4.10571970328
3.95050166113, 4.10459744295
3.97581727575, 4.10347518263
4.00113289037, 4.10237823793
4.02644850498, 4.10128129322
4.0517641196, 4.1001590329
4.07707973422, 4.09906208819
4.10239534884, 4.09796514348
4.12771096346, 4.09686819878
4.15302657807, 4.09579656969
4.17834219269, 4.09469962498
4.20365780731, 4.09362799589
4.22897342193, 4.09253105118
4.25454219269, 4.09145984467
4.27985780731, 4.09038821558
4.30517342193, 4.08931658648
4.33048903654, 4.08824495739
4.35580465116, 4.08719864391
4.38112026578, 4.08612701482
4.4064358804, 4.08508070134
4.43175149502, 4.08403438787
4.45706710963, 4.08296275877
4.48238272425, 4.0819164453
4.50769833887, 4.08087013182
4.53301395349, 4.07984913396
4.55832956811, 4.07880282048
4.58364518272, 4.077756507
4.60896079734, 4.07673550914
4.63427641196, 4.07568919566
4.65959202658, 4.0746681978
4.6849076412, 4.07364719993
4.71022325581, 4.07262620207
4.73553887043, 4.07160520421
4.76085448505, 4.07058420635
4.78617009967, 4.06956320848
4.81148571429, 4.06856752623
4.8368013289, 4.06754652837
4.86211694352, 4.06655084612
4.88743255814, 4.06552984826
4.91274817276, 4.06453416601
4.93806378738, 4.06353848376
4.96337940199, 4.06254280151
4.98869501661, 4.06154711927
5.01401063123, 4.06055143702
5.03957940199, 4.05955617735
5.06489501661, 4.0585604951
5.09021063123, 4.05759012847
5.11552624585, 4.05659444622
5.14084186047, 4.05562407959
5.16615747508, 4.05462839734
5.1914730897, 4.0536580307
5.21678870432, 4.05268766407
5.24210431894, 4.05171729744
5.26741993355, 4.05072161519
5.29273554817, 4.04975124855
5.31805116279, 4.04878088192
5.34336677741, 4.0478358309
5.36868239203, 4.04686546427
5.39399800664, 4.04589509763
5.41931362126, 4.04495004661
5.44462923588, 4.04397967998
5.4699448505, 4.04300931335
5.49526046512, 4.04206426233
5.52057607973, 4.04111921131
5.54589169435, 4.04014884467
5.57120730897, 4.03920379366
5.59652292359, 4.03825874264
5.62183853821, 4.03731369162
5.64715415282, 4.0363686406
5.67246976744, 4.03542358958
5.69778538206, 4.03447853856
5.72310099668, 4.03353348754
5.7484166113, 4.03261375214
5.77373222591, 4.03166870112
5.79930099668, 4.03072407268
5.8246166113, 4.02980433727
5.84993222591, 4.02885928625
5.87524784053, 4.02793955085
5.90056345515, 4.02701981545
5.92587906977, 4.02607476443
5.95119468439, 4.02515502902
5.976510299, 4.02423529362
6.00182591362, 4.02331555821
6.02714152824, 4.02239582281
6.05245714286, 4.0214760874
6.07777275748, 4.020556352
6.10308837209, 4.0196366166
6.12840398671, 4.01871688119
6.15371960133, 4.0178224614
6.17903521595, 4.016902726
6.20435083056, 4.01598299059
6.22966644518, 4.0150885708
6.2549820598, 4.0141688354
6.28029767442, 4.01327441561
6.30561328904, 4.0123546802
6.33092890365, 4.01146026041
6.35624451827, 4.01054052501
6.38156013289, 4.00964610522
6.40687574751, 4.00875168543
6.43219136213, 4.00785726564
6.45750697674, 4.00696284585
6.48282259136, 4.00606842606
6.50813820598, 4.00517400627
6.5334538206, 4.00427958648
6.55876943522, 4.00338516669
6.58433820598, 4.00249116948
6.6096538206, 4.00159674969
6.63496943522, 4.0007023299
6.66028504983, 3.99983322572
6.68560066445, 3.99893880593
6.71091627907, 3.99804438614
6.73623189369, 3.99717528197
6.76154750831, 3.99628086218
6.78686312292, 3.995411758
6.81217873754, 3.99454265383
6.83749435216, 3.99364823404
6.86280996678, 3.99277912986
6.8881255814, 3.99191002569
6.91344119601, 3.9910156059
6.93875681063, 3.99014650172
6.96407242525, 3.98927739755
6.98938803987, 3.98840829337
7.01470365449, 3.9875391892
7.0400192691, 3.98667008502
7.06533488372, 3.98580098085
7.09065049834, 3.98493187667
7.11596611296, 3.9840627725
7.14128172757, 3.98321898394
7.16659734219, 3.98234987976
7.19191295681, 3.98148077559
7.21722857143, 3.98061167141
7.24254418605, 3.97976788285
7.26785980066, 3.97889877867
7.29317541528, 3.97805499011
7.3184910299, 3.97718588594
7.34405980066, 3.97634251996
7.36937541528, 3.97547341578
7.3946910299, 3.97462962722
7.42000664452, 3.97378583866
7.44532225914, 3.97291673449
7.47063787375, 3.97207294593
7.49595348837, 3.97122915736
7.52126910299, 3.9703853688
7.54658471761, 3.96954158024
7.57190033223, 3.96867247607
7.59721594684, 3.96782868751
7.62253156146, 3.96698489895
7.64784717608, 3.966166426
7.6731627907, 3.96532263744
7.69847840532, 3.96447884888
7.72379401993, 3.96363506032
7.74910963455, 3.96279127176
7.77442524917, 3.9619474832
7.79974086379, 3.96112901025
7.82505647841, 3.96028522169
7.85037209302, 3.95944143313
7.87568770764, 3.95862296018
7.90100332226, 3.95777917162
7.92631893688, 3.95696069868
7.9516345515, 3.95611691012
7.97695016611, 3.95529843717
8.00226578073, 3.95445464861
8.02758139535, 3.95363617566
8.05289700997, 3.95281770272
8.07821262458, 3.95197391416
8.1035282392, 3.95115544121
8.12909700997, 3.95033739085
8.15441262458, 3.9495189179
8.1797282392, 3.94870044495
8.20504385382, 3.94788197201
8.23035946844, 3.94706349906
8.25567508306, 3.94624502612
8.28099069767, 3.94542655317
8.30630631229, 3.94460808022
8.33162192691, 3.94378960728
8.35693754153, 3.94297113433
8.38225315615, 3.94215266139
8.40756877076, 3.94133418844
8.43288438538, 3.94051571549
8.4582, 3.93972255816
8.48351561462, 3.93890408522
8.50883122924, 3.93808561227
8.53414684385, 3.93729245494
8.55946245847, 3.93647398199
8.58477807309, 3.93568082466
8.61009368771, 3.93486235172
8.63540930233, 3.93406919438
8.66072491694, 3.93325072144
8.68604053156, 3.93245756411
8.71135614618, 3.93166440678
8.7366717608, 3.93084593383
8.76198737542, 3.9300527765
8.78730299003, 3.92925961917
8.81261860465, 3.92846646184
8.83793421927, 3.92764798889
8.86324983389, 3.92685483156
8.88881860465, 3.92606209681
8.91413421927, 3.92526893947
8.93944983389, 3.92447578214
8.9647654485, 3.92368262481
8.99008106312, 3.92288946748
9.01539667774, 3.92209631015
9.04071229236, 3.92130315282
9.06602790698, 3.9205353111
9.09134352159, 3.91974215377
9.11665913621, 3.91894899644
9.14197475083, 3.91815583911
9.16729036545, 3.91738799739
9.19260598007, 3.91659484006
9.21792159468, 3.91580168273
9.2432372093, 3.91503384101
9.26855282392, 3.91424068368
9.29386843854, 3.91347284196
9.31918405316, 3.91267968463
9.34449966777, 3.91191184291
9.36981528239, 3.91111868558
9.39513089701, 3.91035084387
9.42044651163, 3.90958300215
9.44576212625, 3.90878984482
9.47107774086, 3.9080220031
9.49639335548, 3.90725416138
9.5217089701, 3.90648631967
9.54702458472, 3.90569316234
9.57234019934, 3.90492532062
9.59765581395, 3.9041574789
9.62297142857, 3.90338963719
9.64828704319, 3.90262179547
9.67385581395, 3.90185437633
9.69917142857, 3.90108653461
9.72448704319, 3.9003186929
9.74980265781, 3.89955085118
9.77511827243, 3.89880832508
9.80043388704, 3.89804048336
9.82574950166, 3.89727264165
9.85106511628, 3.89650479993
9.8763807309, 3.89576227383
9.90169634551, 3.89499443211
9.92701196013, 3.89422659039
9.95232757475, 3.89348406429
9.97764318937, 3.89271622257
10.002958804, 3.89197369647
10.0282744186, 3.89120585476
10.0535900332, 3.89046332865
10.0789056478, 3.88969548694
10.1042212625, 3.88895296083
10.1295368771, 3.88821043473
10.1548524917, 3.88746790863
10.1801681063, 3.88670006691
10.2054837209, 3.88595754081
10.2307993355, 3.88521501471
10.2561149502, 3.88447248861
10.2814305648, 3.8837299625
10.3067461794, 3.8829874364
10.332061794, 3.8822449103
10.3573774086, 3.8815023842
10.3826930233, 3.8807598581
10.4080086379, 3.88001733199
10.4333242525, 3.87927480589
10.4588930233, 3.87853270237
10.4842086379, 3.87779017627
10.5095242525, 3.87704765016
10.5348398671, 3.87633043968
10.5601554817, 3.87558791357
10.5854710963, 3.87484538747
10.610786711, 3.87412817699
10.6361023256, 3.87338565088
10.6614179402, 3.8726684404
10.6867335548, 3.87192591429
10.7120491694, 3.87120870381
10.7373647841, 3.8704661777
10.7626803987, 3.86974896722
10.7879960133, 3.86903175673
10.8133116279, 3.86828923063
10.8386272425, 3.86757202014
10.8639428571, 3.86685480965
10.8892584718, 3.86613759916
10.9145740864, 3.86542038868
10.939889701, 3.86470317819
10.9652053156, 3.8639859677
10.9905209302, 3.86326875721
11.0158365449, 3.86255154673
11.0411521595, 3.86183433624
11.0664677741, 3.86111712575
11.0917833887, 3.86039991526
11.1170990033, 3.85968270478
11.1424146179, 3.85896549429
11.1677302326, 3.85827359942
11.1930458472, 3.85755638893
11.2186146179, 3.85683960102
11.2439302326, 3.85614770615
11.2692458472, 3.85543049566
11.2945614618, 3.85473860079
11.3198770764, 3.8540213903
11.345192691, 3.85332949543
11.3705083056, 3.85263760055
11.3958239203, 3.85192039007
11.4211395349, 3.85122849519
11.4464551495, 3.85053660032
11.4717707641, 3.84984470545
11.4970863787, 3.84915281057
11.5224019934, 3.8484609157
11.547717608, 3.84776902083
11.5730332226, 3.84707712596
11.5983488372, 3.84638523108
11.6236644518, 3.84569333621
11.6489800664, 3.84500144134
11.6742956811, 3.84430954646
11.6996112957, 3.84364296721
11.7249269103, 3.84295107233
11.7502425249, 3.84225917746
11.7755581395, 3.8415925982
11.8008737542, 3.84090070333
11.8261893688, 3.84023412407
11.8515049834, 3.8395422292
11.876820598, 3.83887564994
11.9021362126, 3.83820907068
11.9274518272, 3.83751717581
11.9527674419, 3.83685059655
11.9780830565, 3.83618401729
12.0036518272, 3.83551786061
12.0289674419, 3.83485128135
12.0542830565, 3.8341847021
12.0795986711, 3.83351812284
12.1049142857, 3.83285154358
12.1302299003, 3.83221027994
12.155545515, 3.83154370068
12.1808611296, 3.83087712142
12.2061767442, 3.83023585777
12.2314923588, 3.82956927852
12.2568079734, 3.82892801487
12.282123588, 3.82826143561
12.3074392027, 3.82762017197
12.3327548173, 3.82695359271
12.3580704319, 3.82631232907
12.3833860465, 3.82567106543
12.4087016611, 3.82502980178
12.4340172757, 3.82438853814
12.4593328904, 3.82374727449
12.484648505, 3.82310601085
12.5099641196, 3.82246474721
12.5352797342, 3.82184879918
12.5605953488, 3.82120753553
12.5859109635, 3.82059158751
12.6112265781, 3.81995032386
12.6365421927, 3.81933437583
12.6618578073, 3.81869311219
12.6871734219, 3.81807716416
12.7124890365, 3.81746121613
12.7378046512, 3.8168452681
12.7633734219, 3.81622974265
12.7886890365, 3.81561379462
12.8140046512, 3.81499784659
12.8393202658, 3.81438189856
12.8646358804, 3.81379126615
12.889951495, 3.81317531812
12.9152671096, 3.81258468571
12.9405827243, 3.81199405329
12.9658983389, 3.81137810526
12.9912139535, 3.81078747285
13.0165295681, 3.81019684043
13.0418451827, 3.80960620802
13.0671607973, 3.80901557561
13.092476412, 3.80845025881
13.1177920266, 3.80785962639
13.1431076412, 3.80729430959
13.1684232558, 3.80670367718
13.1937388704, 3.80613836038
13.219054485, 3.80557304358
13.2443700997, 3.80500772678
13.2696857143, 3.80444240998
13.2950013289, 3.80387709318
13.3203169435, 3.80331177638
13.3456325581, 3.80277177519
13.3709481728, 3.80220645839
13.3962637874, 3.80166645721
13.421579402, 3.80112645602
13.4468950166, 3.80058645484
13.4722106312, 3.80004645365
13.4975262458, 3.79950645247
13.5228418605, 3.79896645128
13.5484106312, 3.79845218829
13.5737262458, 3.79793750272
13.5990418605, 3.79739750153
13.6243574751, 3.79688281596
13.6496730897, 3.79639344601
13.6749887043, 3.79587876044
13.7003043189, 3.79536407487
13.7256199336, 3.79487470491
13.7509355482, 3.79438533496
13.7762511628, 3.793895965
13.8015667774, 3.79340659504
13.826882392, 3.79291722509
13.8521980066, 3.79242785513
13.8775136213, 3.79196380079
13.9028292359, 3.79149974645
13.9281448505, 3.79103569211
13.9534604651, 3.79057163777
13.9787760797, 3.79013289904
14.0040916944, 3.7896688447
14.029407309, 3.78923010597
14.0547229236, 3.78879136724
14.0800385382, 3.78835262852
14.1053541528, 3.78793920541
14.1306697674, 3.78752578229
14.1559853821, 3.78711235918
14.1813009967, 3.78669893607
14.2066166113, 3.78628551296
14.2319322259, 3.78589740546
14.2572478405, 3.78550929796
14.2825634551, 3.78512119046
14.3081322259, 3.78473350555
14.3334478405, 3.78437071366
14.3587634551, 3.78400792178
14.3840790698, 3.7836451299
14.4093946844, 3.78330765363
14.434710299, 3.78297017736
14.4600259136, 3.78263270109
14.4853415282, 3.78232054044
14.5106571429, 3.78198306417
14.5359727575, 3.78167090352
14.5612883721, 3.78138405848
14.5866039867, 3.78109721344
14.6119196013, 3.7808103684
14.6372352159, 3.78052352336
14.6625508306, 3.78026199394
14.6878664452, 3.78002578013
14.7131820598, 3.7797642507
14.7384976744, 3.77952803689
14.763813289, 3.7793171387
14.7891289037, 3.77908092489
14.8144445183, 3.77889534231
14.8397601329, 3.77868444411
14.8650757475, 3.77849886153
14.8903913621, 3.77833859457
14.9157069767, 3.7781783276
14.9410225914, 3.77804337625
14.966338206, 3.7779084249
14.9916538206, 3.77777347355
15.0169694352, 3.77766383781
15.0422850498, 3.77757951769
15.0676006645, 3.77749519756
15.0931694352, 3.77741130002
15.1184850498, 3.77735229551
15.1438006645, 3.77731860662
15.1691162791, 3.77728491773
15.1944318937, 3.77727654445
15.2197475083, 3.77729348679
15.2450631229, 3.77731042912
15.2703787375, 3.77732737146
15.2956943522, 3.77736962941
15.3210099668, 3.77743720298
15.3463255814, 3.77753009216
15.371641196, 3.77762298134
15.3969568106, 3.77771587052
15.4222724252, 3.77785939093
15.4475880399, 3.77800291134
15.4729036545, 3.77814643175
15.4982192691, 3.77831526777
15.5235348837, 3.77850941941
15.5488504983, 3.77872888666
15.574166113, 3.7789230383
15.5994817276, 3.77916782117
15.6247973422, 3.77941260404
15.6501129568, 3.77968270252
15.6754285714, 3.779952801
15.700744186, 3.78022289948
15.7260598007, 3.78051831358
15.7513754153, 3.78083904329
15.7766910299, 3.781159773
15.8020066445, 3.78148050272
15.8273222591, 3.78180123243
15.8528910299, 3.78214770033
15.8782066445, 3.78249374566
15.9035222591, 3.78283979099
15.9288378738, 3.78321115193
15.9541534884, 3.78355719725
15.979469103, 3.7839285582
16.0047847176, 3.78427460352
16.0301003322, 3.78464596446
16.0554159468, 3.78499200979
16.0807315615, 3.78536337073
16.1060471761, 3.78570941606
16.1313627907, 3.78605546138
16.1566784053, 3.78640150671
16.1819940199, 3.78672223642
16.2073096346, 3.78706828175
16.2326252492, 3.78738901146
16.2579408638, 3.78770974117
16.2832564784, 3.78803047088
16.308572093, 3.7883512006
16.3338877076, 3.78864661469
16.3592033223, 3.7889673444
16.3845189369, 3.7892627585
16.4098345515, 3.7895581726
16.4351501661, 3.7898535867
16.4604657807, 3.79014900079
16.4857813953, 3.79041909928
16.51109701, 3.79071451337
16.5364126246, 3.79098461186
16.5617282392, 3.79125471034
16.5870438538, 3.79152480882
16.6123594684, 3.7917949073
16.6379282392, 3.79204011275
16.6632438538, 3.79231021123
16.6885594684, 3.7925549941
16.7138750831, 3.79279977697
16.7391906977, 3.79304455984
16.7645063123, 3.7932893427
16.7898219269, 3.79353412557
16.8151375415, 3.79375359283
16.8404531561, 3.79399837569
16.8657687708, 3.79421784295
16.8910843854, 3.7944373102
16.9164, 3.79465677745
16.9417156146, 3.79487624471
16.9670312292, 3.79509571196
16.9923468439, 3.7952898636
17.0176624585, 3.79550933085
17.0429780731, 3.79570348249
17.0682936877, 3.79589763413
17.0936093023, 3.79609178577
17.1189249169, 3.79628593741
17.1442405316, 3.79648008905
17.1695561462, 3.79664892507
17.1948717608, 3.79684307671
17.2201873754, 3.79701191273
17.24550299, 3.79718074876
17.2708186047, 3.79734958478
17.2961342193, 3.79751842081
17.3214498339, 3.79768725683
17.3467654485, 3.79783077724
17.3720810631, 3.79797429765
17.3976498339, 3.79814355625
17.4229654485, 3.79828707666
17.4482810631, 3.79843059707
17.4735966777, 3.79854880187
17.4989122924, 3.79869232228
17.524227907, 3.79883584268
17.5495435216, 3.79895404748
17.5748591362, 3.79907225227
17.6001747508, 3.79919045707
17.6254903654, 3.79930866186
17.6508059801, 3.79942686666
17.6761215947, 3.79951975584
17.7014372093, 3.79963796063
17.7267528239, 3.79973084981
17.7520684385, 3.79982373899
17.7773840532, 3.79991662817
17.8026996678, 3.79998420174
17.8280152824, 3.80007709092
17.853330897, 3.80014466449
17.8786465116, 3.80023755367
17.9039621262, 3.80030512723
17.9292777409, 3.80034738518
17.9545933555, 3.80041495875
17.9799089701, 3.80048253231
18.0052245847, 3.80052479027
18.0305401993, 3.80056704822
18.055855814, 3.80060930617
18.0811714286, 3.80065156412
18.1064870432, 3.80066850645
18.1318026578, 3.80071076441
18.1571182724, 3.80072770674
18.1826870432, 3.80074507166
18.2080026578, 3.80073669838
18.2333182724, 3.80075364072
18.258633887, 3.80074526744
18.2839495017, 3.80073689416
18.3092651163, 3.80072852088
18.3345807309, 3.8007201476
18.3598963455, 3.80068645871
18.3852119601, 3.80067808543
18.4105275748, 3.80064439654
18.4358431894, 3.80058539203
18.461158804, 3.80055170314
18.4864744186, 3.80049269863
18.5117900332, 3.80043369412
18.5371056478, 3.80037468962
18.5624212625, 3.80029036949
18.5877368771, 3.80023136499
18.6130524917, 3.80014704487
18.6383681063, 3.80003740913
18.6636837209, 3.79995308901
18.6889993355, 3.79984345327
18.7143149502, 3.79973381753
18.7396305648, 3.7996241818
18.7649461794, 3.79951454606
18.790261794, 3.79940491032
18.8155774086, 3.79926995897
18.8408930233, 3.79913500762
18.8662086379, 3.79900005627
18.8915242525, 3.79886510492
18.9168398671, 3.79873015357
18.9424086379, 3.79859562479
18.9677242525, 3.79843535783
18.9930398671, 3.79827509086
19.0183554817, 3.79814013951
19.0436710963, 3.79797987255
19.068986711, 3.79781960558
19.0943023256, 3.79765933861
19.1196179402, 3.79749907165
19.1449335548, 3.79733880468
19.1702491694, 3.7971532221
19.1955647841, 3.79699295513
19.2208803987, 3.79683268817
19.2461960133, 3.7966724212
19.2715116279, 3.79648683862
19.2968272425, 3.79632657166
19.3221428571, 3.79614098908
19.3474584718, 3.79598072211
19.3727740864, 3.79582045514
19.398089701, 3.79563487256
19.4234053156, 3.7954746056
19.4487209302, 3.79531433863
19.4740365449, 3.79512875605
19.4993521595, 3.79496848909
19.5246677741, 3.79480822212
19.5499833887, 3.79464795515
19.5752990033, 3.79446237257
19.6006146179, 3.79430210561
19.6259302326, 3.79414183864
19.6512458472, 3.79398157167
19.6765614618, 3.79382130471
19.7018770764, 3.79366103774
19.7274458472, 3.79350119336
19.7527614618, 3.79336624201
19.7780770764, 3.79320597504
19.803392691, 3.79304570807
19.8287083056, 3.79288544111
19.8540239203, 3.79275048976
19.8793395349, 3.79259022279
19.9046551495, 3.79245527144
19.9299707641, 3.79232032009
19.9552863787, 3.79216005312
19.9806019934, 3.79202510177
20.005917608, 3.79189015042
20.0312332226, 3.79175519907
20.0565488372, 3.79162024772
20.0818644518, 3.79148529636
20.1071800664, 3.79135034501
20.1324956811, 3.79124070928
20.1578112957, 3.79110575793
20.1831269103, 3.79099612219
20.2084425249, 3.79086117084
20.2337581395, 3.7907515351
20.2590737542, 3.79061658375
20.2843893688, 3.79050694801
20.3097049834, 3.79039731228
20.335020598, 3.79028767654
20.3603362126, 3.7901780408
20.3856518272, 3.79006840507
20.4109674419, 3.78995876933
20.4362830565, 3.78984913359
20.4615986711, 3.78973949786
20.4871674419, 3.78965560031
20.5124830565, 3.78954596458
20.5377986711, 3.78943632884
20.5631142857, 3.78935200872
20.5884299003, 3.7892676886
20.613745515, 3.78915805286
20.6390611296, 3.78907373274
20.6643767442, 3.78898941261
20.6896923588, 3.78890509249
20.7150079734, 3.78882077237
20.740323588, 3.78873645225
20.7656392027, 3.78865213213
20.7909548173, 3.788567812
20.8162704319, 3.78848349188
20.8415860465, 3.78842448737
20.8669016611, 3.78834016725
20.8922172757, 3.78828116275
20.9175328904, 3.78819684262
20.942848505, 3.78813783812
20.9681641196, 3.78805351799
20.9934797342, 3.78799451349
21.0187953488, 3.78793550898
21.0441109635, 3.78787650447
21.0694265781, 3.78779218435
21.0947421927, 3.78773317984
21.1200578073, 3.78767417533
21.1453734219, 3.78764048644
21.1706890365, 3.78758148193
21.1960046512, 3.78752247743
21.2213202658, 3.78746347292
21.2466358804, 3.78740446841
21.2722046512, 3.7873712021
21.2975202658, 3.78731219759
21.3228358804, 3.7872785087
21.348151495, 3.78721950419
21.3734671096, 3.7871858153
21.3987827243, 3.7871521264
21.4240983389, 3.7870931219
21.4494139535, 3.787059433
21.4747295681, 3.78702574411
21.5000451827, 3.78699205522
21.5253607973, 3.78695836633
21.550676412, 3.78692467743
21.5759920266, 3.78689098854
21.6013076412, 3.78685729965
21.6266232558, 3.78682361075
21.6519388704, 3.78678992186
21.677254485, 3.78675623297
21.7025700997, 3.78672254408
21.7278857143, 3.7867141708
21.7532013289, 3.7866804819
21.7785169435, 3.78664679301
21.8038325581, 3.78663841973
21.8291481728, 3.78660473084
21.8544637874, 3.78659635756
21.879779402, 3.78656266867
21.9050950166, 3.78655429539
21.9304106312, 3.78654592211
21.9557262458, 3.78651223322
21.9810418605, 3.78650385994
22.0063574751, 3.78649548666
22.0319262458, 3.78646222035
22.0572418605, 3.78645384707
22.0825574751, 3.78644547379
22.1078730897, 3.78643710052
22.1331887043, 3.78642872724
22.1585043189, 3.78642035396
22.1838199336, 3.78641198068
22.2091355482, 3.7864036074
22.2344511628, 3.78639523412
22.2597667774, 3.78638686085
22.285082392, 3.78637848757
22.3103980066, 3.78637011429
22.3357136213, 3.78636174101
22.3610292359, 3.78635336773
22.3863448505, 3.78637031007
22.4116604651, 3.78636193679
22.4369760797, 3.78635356351
22.4622916944, 3.78634519024
22.487607309, 3.78636213257
22.5129229236, 3.78635375929
22.5382385382, 3.78634538602
22.5635541528, 3.78636232835
22.5888697674, 3.78635395507
22.6141853821, 3.78637089741
22.6395009967, 3.78636252413
22.6648166113, 3.78637946647
22.6901322259, 3.78637109319
22.7154478405, 3.78638803553
22.7407634551, 3.78637966225
22.7660790698, 3.78639660458
22.7913946844, 3.78638823131
22.8169634551, 3.78640559622
22.8422790698, 3.78639722294
22.8675946844, 3.78641416528
22.892910299, 3.78643110762
22.9182259136, 3.78642273434
22.9435415282, 3.78643967667
22.9688571429, 3.78645661901
22.9941727575, 3.78647356135
23.0194883721, 3.78646518807
23.0448039867, 3.78648213041
23.0701196013, 3.78649907274
23.0954352159, 3.78651601508
23.1207508306, 3.78653295741
23.1460664452, 3.78652458414
23.1713820598, 3.78654152647
23.1966976744, 3.78655846881
23.222013289, 3.78657541115
23.2473289037, 3.78659235348
23.2726445183, 3.78660929582
23.2979601329, 3.78662623815
23.3232757475, 3.78664318049
23.3485913621, 3.78666012283
23.3739069767, 3.78667706516
23.3992225914, 3.7866940075
23.424538206, 3.78671094984
23.4498538206, 3.78672789217
23.4751694352, 3.78674483451
23.5004850498, 3.78676177685
23.5258006645, 3.78677871918
23.5511162791, 3.78679566152
23.5766850498, 3.78681302643
23.6020006645, 3.78682996877
23.6273162791, 3.78684691111
23.6526318937, 3.78688916906
23.6779475083, 3.78690611139
23.7032631229, 3.78692305373
23.7285787375, 3.78693999607
23.7538943522, 3.7869569384
23.7792099668, 3.78697388074
23.8045255814, 3.78701613869
23.829841196, 3.78703308103
23.8551568106, 3.78705002336
23.8804724252, 3.7870669657
23.9057880399, 3.78710922365
23.9311036545, 3.78712616599
23.9564192691, 3.78714310832
23.9817348837, 3.78718536628
24.0070504983, 3.78720230861
24.032366113, 3.78721925095
24.0576817276, 3.78723619328
24.0829973422, 3.78727845124
24.1083129568, 3.78729539357
24.1336285714, 3.78733765152
24.158944186, 3.78735459386
24.1842598007, 3.7873715362
24.2095754153, 3.78741379415
24.2348910299, 3.78743073648
24.2602066445, 3.78747299443
24.2855222591, 3.78748993677
24.3108378738, 3.78750687911
24.3361534884, 3.78754913706
24.3617222591, 3.78756650197
24.3870378738, 3.78760875992
24.4123534884, 3.78762570226
24.437669103, 3.78766796021
24.4629847176, 3.78768490255
24.4883003322, 3.7877271605
24.5136159468, 3.78774410284
24.5389315615, 3.78778636079
24.5642471761, 3.78780330312
24.5895627907, 3.78784556107
24.6148784053, 3.78786250341
24.6401940199, 3.78790476136
24.6655096346, 3.7879217037
24.6908252492, 3.78796396165
24.7161408638, 3.7880062196
24.7414564784, 3.78802316194
24.766772093, 3.78806541989
24.7920877076, 3.78808236222
24.8174033223, 3.78812462017
24.8427189369, 3.78816687813
24.8680345515, 3.78818382046
24.8933501661, 3.78822607841
24.9186657807, 3.78824302075
24.9439813953, 3.7882852787
24.96929701, 3.78832753665
24.9946126246, 3.78834447899
25.0199282392, 3.78838673694
25.0452438538, 3.78842899489
25.0705594684, 3.78844593723
25.0958750831, 3.78848819518
25.1214438538, 3.78853087571
25.1467594684, 3.78854781804
25.1720750831, 3.78859007599
25.1973906977, 3.78863233395
25.2227063123, 3.7886745919
25.2480219269, 3.78869153423
25.2733375415, 3.78873379218
25.2986531561, 3.78877605014
25.3239687708, 3.78879299247
25.3492843854, 3.78883525042
25.3746, 3.78887750837
25.3999156146, 3.78891976632
25.4252312292, 3.78893670866
25.4505468439, 3.78897896661
25.4758624585, 3.78902122456
25.5011780731, 3.78906348251
25.5264936877, 3.78910574047
25.5518093023, 3.7891226828
25.5771249169, 3.78916494075
25.6024405316, 3.7892071987
25.6277561462, 3.78924945665
25.6530717608, 3.78929171461
25.6783873754, 3.78930865694
25.70370299, 3.78935091489
25.7290186047, 3.78939317284
25.7543342193, 3.78943543079
25.7796498339, 3.78947768875
25.8049654485, 3.7895199467
25.8302810631, 3.78953688903
25.8555966777, 3.78957914698
25.8809122924, 3.78962140494
25.9064810631, 3.78966408547
25.9317966777, 3.78970634342
25.9571122924, 3.78974860137
25.982427907, 3.78979085932
26.0077435216, 3.78980780166
26.0330591362, 3.78985005961
26.0583747508, 3.78989231756
26.0836903654, 3.78993457551
26.1090059801, 3.78997683346
26.1343215947, 3.79001909141
26.1596372093, 3.79006134936
26.1849528239, 3.79010360731
26.2102684385, 3.79014586526
26.2355840532, 3.7901628076
26.2608996678, 3.79020506555
26.2862152824, 3.7902473235
26.311530897, 3.79028958145
26.3368465116, 3.7903318394
26.3621621262, 3.79037409735
26.3874777409, 3.79041635531
26.4127933555, 3.79045861326
26.4381089701, 3.79050087121
26.4634245847, 3.79054312916
26.4887401993, 3.79058538711
26.514055814, 3.79062764506
26.5393714286, 3.79066990301
26.5646870432, 3.79071216096
26.5900026578, 3.79075441891
26.6153182724, 3.79079667686
26.640633887, 3.79083893482
26.6662026578, 3.79088161535
26.6915182724, 3.79089855768
26.716833887, 3.79094081563
26.7421495017, 3.79098307358
26.7674651163, 3.79102533154
26.7927807309, 3.79106758949
26.8180963455, 3.79110984744
26.8434119601, 3.79115210539
26.8687275748, 3.79119436334
26.8940431894, 3.79123662129
26.919358804, 3.79127887924
26.9446744186, 3.79132113719
26.9699900332, 3.79136339514
26.9953056478, 3.79140565309
27.0206212625, 3.79144791105
27.0459368771, 3.791490169
27.0712524917, 3.79153242695
27.0965681063, 3.7915746849
27.1218837209, 3.79161694285
27.1471993355, 3.7916592008
27.1725149502, 3.79170145875
27.1978305648, 3.7917437167
27.2231461794, 3.79181129027
27.248461794, 3.79185354822
27.2737774086, 3.79189580617
27.2990930233, 3.79193806412
27.3244086379, 3.79198032207
27.3497242525, 3.79202258002
27.3750398671, 3.79206483797
27.4003554817, 3.79210709593
27.4256710963, 3.79214935388
27.4512398671, 3.79219203441
27.4765554817, 3.79223429236
27.5018710963, 3.79227655031
27.527186711, 3.79231880826
27.5525023256, 3.79236106621
27.5778179402, 3.79240332416
27.6031335548, 3.79244558211
27.6284491694, 3.79248784006
27.6537647841, 3.79253009801
27.6790803987, 3.79257235597
27.7043960133, 3.79261461392
27.7297116279, 3.79265687187
27.7550272425, 3.79269912982
27.7803428571, 3.79274138777
27.8056584718, 3.79280896134
27.8309740864, 3.79285121929
27.856289701, 3.79289347724
27.8816053156, 3.79293573519
27.9069209302, 3.79297799314
27.9322365449, 3.79302025109
27.9575521595, 3.79306250904
27.9828677741, 3.79310476699
28.0081833887, 3.79314702494
28.0334990033, 3.79318928289
28.0588146179, 3.79323154085
28.0841302326, 3.7932737988
28.1094458472, 3.79331605675
28.1347614618, 3.7933583147
28.1600770764, 3.79340057265
28.185392691, 3.79346814622
28.2109614618, 3.79351082675
28.2362770764, 3.7935530847
28.261592691, 3.79359534265
28.2869083056, 3.7936376006
28.3122239203, 3.79367985855
28.3375395349, 3.7937221165
28.3628551495, 3.79376437445
28.3881707641, 3.7938066324
28.4134863787, 3.79384889035
28.4388019934, 3.7938911483
28.464117608, 3.79393340626
28.4894332226, 3.79397566421
28.5147488372, 3.79401792216
28.5400644518, 3.79408549572
28.5653800664, 3.79412775367
28.5906956811, 3.79417001163
28.6160112957, 3.79421226958
28.6413269103, 3.79425452753
28.6666425249, 3.79429678548
28.6919581395, 3.79433904343
28.7172737542, 3.79438130138
28.7425893688, 3.79442355933
28.7679049834, 3.79446581728
28.793220598, 3.79450807523
28.8185362126, 3.79455033318
28.8438518272, 3.79459259114
28.8691674419, 3.7946601647
28.8944830565, 3.79470242265
28.9197986711, 3.7947446806
28.9451142857, 3.79478693855
28.9704299003, 3.7948291965
28.9959986711, 3.79487187704
29.0213142857, 3.79491413499
29.0466299003, 3.79495639294
29.071945515, 3.79499865089
29.0972611296, 3.79504090884
29.1225767442, 3.79508316679
29.1478923588, 3.79512542474
29.1732079734, 3.79516768269
29.198523588, 3.79520994064
29.2238392027, 3.79527751421
29.2491548173, 3.79531977216
29.2744704319, 3.79536203011
29.2997860465, 3.79540428806
29.3251016611, 3.79544654601
29.3504172757, 3.79548880396
29.3757328904, 3.79553106192
29.401048505, 3.79557331987
29.4263641196, 3.79561557782
29.4516797342, 3.79565783577
29.4769953488, 3.79570009372
29.5023109635, 3.79574235167
29.5276265781, 3.79578460962
29.5529421927, 3.79582686757
29.5782578073, 3.79586912552
29.6035734219, 3.79591138347
29.6288890365, 3.79597895704
29.6542046512, 3.79602121499
29.6795202658, 3.79606347294
29.7048358804, 3.79610573089
29.730151495, 3.79614798884
29.7554671096, 3.79619024679
29.7810358804, 3.79623292733
29.806351495, 3.79627518528
29.8316671096, 3.79631744323
29.8569827243, 3.79635970118
29.8822983389, 3.79640195913
29.9076139535, 3.79644421708
29.9329295681, 3.79648647503
29.9582451827, 3.79652873298
29.9835607973, 3.79657099093
30.008876412, 3.79661324888
30.0341920266, 3.79665550684
30.0595076412, 3.79669776479
30.0848232558, 3.79674002274
30.1101388704, 3.79678228069
30.135454485, 3.79684985425
30.1607700997, 3.7968921122
30.1860857143, 3.79693437016
30.2114013289, 3.79697662811
30.2367169435, 3.79701888606
30.2620325581, 3.79706114401
30.2873481728, 3.79710340196
30.3126637874, 3.79714565991
30.337979402, 3.79718791786
30.3632950166, 3.79723017581
30.3886106312, 3.79727243376
30.4139262458, 3.79731469171
30.4392418605, 3.79735694967
30.4645574751, 3.79739920762
30.4898730897, 3.79744146557
30.5151887043, 3.79748372352
30.5407574751, 3.79752640405
30.5660730897, 3.797568662
30.5913887043, 3.79761091995
30.6167043189, 3.7976531779
30.6420199336, 3.79769543585
30.6673355482, 3.7977376938
30.6926511628, 3.79777995176
30.7179667774, 3.79782220971
30.743282392, 3.79786446766
30.7685980066, 3.79790672561
30.7939136213, 3.79797429917
30.8192292359, 3.79801655713
30.8445448505, 3.79805881508
30.8698604651, 3.79810107303
30.8951760797, 3.79814333098
30.9204916944, 3.79818558893
30.945807309, 3.79822784688
30.9711229236, 3.79827010483
30.9964385382, 3.79831236278
31.0217541528, 3.79835462073
31.0470697674, 3.79839687868
31.0723853821, 3.79843913664
31.0977009967, 3.79848139459
31.1230166113, 3.79852365254
31.1483322259, 3.79856591049
31.1736478405, 3.79860816844
31.1989634551, 3.79865042639
31.2242790698, 3.79869268434
31.2495946844, 3.79873494229
31.274910299, 3.79877720024
31.3002259136, 3.79881945819
31.3257946844, 3.79886213872
31.351110299, 3.79890439668
31.3764259136, 3.79894665463
31.4017415282, 3.79898891258
31.4270571429, 3.79903117053
31.4523727575, 3.79907342848
31.4776883721, 3.79911568643
31.5030039867, 3.79915794438
31.5283196013, 3.79920020233
31.5536352159, 3.79924246028
31.5789508306, 3.79928471823
31.6042664452, 3.79932697619
31.6295820598, 3.79936923414
31.6548976744, 3.79941149209
31.680213289, 3.79945375004
31.7055289037, 3.79949600799
31.7308445183, 3.79953826594
31.7561601329, 3.79958052389
31.7814757475, 3.79962278184
31.8067913621, 3.79966503979
31.8321069767, 3.79970729774
31.8574225914, 3.7997495557
31.882738206, 3.79979181365
31.9080538206, 3.7998340716
31.9333694352, 3.79987632955
31.9586850498, 3.7999185875
31.9840006645, 3.79996084545
32.0093162791, 3.80002841902
32.0346318937, 3.80007067697
32.0599475083, 3.80011293492
32.0855162791, 3.80015561545
32.1108318937, 3.8001978734
32.1361475083, 3.80024013135
32.1614631229, 3.8002823893
32.1867787375, 3.80032464725
32.2120943522, 3.8003669052
32.2374099668, 3.80040916315
32.2627255814, 3.80045142111
32.288041196, 3.80049367906
32.3133568106, 3.80053593701
32.3386724252, 3.80057819496
32.3639880399, 3.80062045291
32.3893036545, 3.80066271086
32.4146192691, 3.80070496881
32.4399348837, 3.80074722676
32.4652504983, 3.80078948471
32.490566113, 3.80083174266
32.5158817276, 3.80087400062
32.5411973422, 3.80091625857
32.5665129568, 3.80095851652
32.5918285714, 3.80100077447
32.617144186, 3.80104303242
32.6424598007, 3.80108529037
32.6677754153, 3.80112754832
32.6930910299, 3.80116980627
32.7184066445, 3.80121206422
32.7437222591, 3.80125432217
32.7690378738, 3.80129658013
32.7943534884, 3.80133883808
32.819669103, 3.80138109603
32.8449847176, 3.80142335398
32.8705534884, 3.80146603451
32.895869103, 3.80150829246
32.9211847176, 3.80155055041
32.9465003322, 3.80159280836
32.9718159468, 3.80163506631
32.9971315615, 3.80167732426
33.0224471761, 3.80171958222
33.0477627907, 3.80176184017
33.0730784053, 3.80180409812
33.0983940199, 3.80184635607
33.1237096346, 3.80188861402
33.1490252492, 3.80193087197
33.1743408638, 3.80197312992
33.1996564784, 3.80201538787
33.224972093, 3.80205764582
33.2502877076, 3.80209990377
33.2756033223, 3.80214216173
33.3009189369, 3.80218441968
33.3262345515, 3.80222667763
33.3515501661, 3.80226893558
33.3768657807, 3.80231119353
33.4021813953, 3.80235345148
33.42749701, 3.80239570943
33.4528126246, 3.80243796738
33.4781282392, 3.80248022533
33.5034438538, 3.80249716767
33.5287594684, 3.80253942562
33.5540750831, 3.80258168357
33.5793906977, 3.80262394152
33.6047063123, 3.80266619947
33.6302750831, 3.80270888
33.6555906977, 3.80275113796
33.6809063123, 3.80279339591
33.7062219269, 3.80283565386
33.7315375415, 3.80287791181
33.7568531561, 3.80292016976
33.7821687708, 3.80296242771
33.8074843854, 3.80300468566
33.8328, 3.80304694361
33.8581156146, 3.80308920156
33.8834312292, 3.80313145951
33.9087468439, 3.80317371747
33.9340624585, 3.80321597542
33.9593780731, 3.80325823337
33.9846936877, 3.80330049132
34.0100093023, 3.80334274927
34.0353249169, 3.80338500722
34.0606405316, 3.80342726517
34.0859561462, 3.80346952312
34.1112717608, 3.80351178107
34.1365873754, 3.80355403902
34.16190299, 3.80359629698
34.1872186047, 3.80363855493
34.2125342193, 3.80368081288
34.2378498339, 3.80372307083
34.2631654485, 3.80376532878
34.2884810631, 3.80380758673
34.3137966777, 3.80384984468
34.3391122924, 3.80389210263
34.364427907, 3.80393436058
34.3897435216, 3.80397661853
34.4153122924, 3.80401929906
34.440627907, 3.80406155702
34.4659435216, 3.80410381497
34.4912591362, 3.80414607292
34.5165747508, 3.80418833087
34.5418903654, 3.80423058882
34.5672059801, 3.80427284677
34.5925215947, 3.80431510472
34.6178372093, 3.80435736267
34.6431528239, 3.80439962062
34.6684684385, 3.80444187857
34.6937840532, 3.80448413653
34.7190996678, 3.80452639448
34.7444152824, 3.80456865243
34.769730897, 3.80461091038
34.7950465116, 3.80465316833
34.8203621262, 3.80469542628
34.8456777409, 3.80473768423
34.8709933555, 3.80477994218
34.8963089701, 3.80482220013
34.9216245847, 3.80486445808
34.9469401993, 3.80490671604
34.972255814, 3.80492365837
34.9975714286, 3.80496591632
35.0228870432, 3.80500817427
35.0482026578, 3.80505043223
35.0735182724, 3.80509269018
35.098833887, 3.80513494813
35.1241495017, 3.80517720608
35.1494651163, 3.80521946403
35.175033887, 3.80526214456
35.2003495017, 3.80530440251
35.2256651163, 3.80534666046
35.2509807309, 3.80538891841
35.2762963455, 3.80543117636
35.3016119601, 3.80547343431
35.3269275748, 3.80551569227
35.3522431894, 3.80555795022
35.377558804, 3.80560020817
35.4028744186, 3.80564246612
35.4281900332, 3.80568472407
35.4535056478, 3.80572698202
35.4788212625, 3.80576923997
35.5041368771, 3.80581149792
35.5294524917, 3.80585375587
35.5547681063, 3.80589601382
35.5800837209, 3.80593827178
35.6053993355, 3.80598052973
35.6307149502, 3.80602278768
35.6560305648, 3.80606504563
35.6813461794, 3.80610730358
35.706661794, 3.80614956153
35.7319774086, 3.80619181948
35.7572930233, 3.80623407743
35.7826086379, 3.80627633538
35.8079242525, 3.80631859333
35.8332398671, 3.80636085129
35.8585554817, 3.80640310924
35.8838710963, 3.80644536719
35.909186711, 3.80646230952
35.9345023256, 3.80650456748
35.9600710963, 3.80654724801
35.985386711, 3.80658950596
36.0107023256, 3.80663176391
36.0360179402, 3.80667402186
36.0613335548, 3.80671627981
36.0866491694, 3.80675853776
36.1119647841, 3.80680079571
36.1372803987, 3.80684305366
36.1625960133, 3.80688531161
36.1879116279, 3.80692756956
36.2132272425, 3.80696982752
36.2385428571, 3.80701208547
36.2638584718, 3.80705434342
36.2891740864, 3.80709660137
36.314489701, 3.80713885932
36.3398053156, 3.80718111727
36.3651209302, 3.80722337522
36.3904365449, 3.80726563317
36.4157521595, 3.80730789112
36.4410677741, 3.80735014907
36.4663833887, 3.80739240703
36.4916990033, 3.80743466498
36.5170146179, 3.80747692293
36.5423302326, 3.80751918088
36.5676458472, 3.80756143883
36.5929614618, 3.80760369678
36.6182770764, 3.80764595473
36.643592691, 3.80768821268
36.6689083056, 3.80773047063
36.6942239203, 3.80777272858
36.719792691, 3.8077900935
36.7451083056, 3.80783235145
36.7704239203, 3.8078746094
36.7957395349, 3.80791686735
36.8210551495, 3.8079591253
36.8463707641, 3.80800138326
36.8716863787, 3.80804364121
36.8970019934, 3.80808589916
36.922317608, 3.80812815711
36.9476332226, 3.80817041506
36.9729488372, 3.80821267301
36.9982644518, 3.80825493096
37.0235800664, 3.80829718891
37.0488956811, 3.80833944686
37.0742112957, 3.80838170481
37.0995269103, 3.80842396277
37.1248425249, 3.80846622072
37.1501581395, 3.80850847867
37.1754737542, 3.80855073662
37.2007893688, 3.80859299457
37.2261049834, 3.80863525252
37.251420598, 3.80867751047
37.2767362126, 3.80871976842
37.3020518272, 3.80876202637
37.3273674419, 3.80880428432
37.3526830565, 3.80884654228
37.3779986711, 3.80888880023
37.4033142857, 3.80893105818
37.4286299003, 3.80897331613
37.453945515, 3.80901557408
37.4792611296, 3.80903251642
37.5048299003, 3.80907519695
37.530145515, 3.8091174549
37.5554611296, 3.80915971285
37.5807767442, 3.8092019708
37.6060923588, 3.80924422875
37.6314079734, 3.8092864867
37.656723588, 3.80932874465
37.6820392027, 3.8093710026
37.7073548173, 3.80941326055
37.7326704319, 3.80945551851
37.7579860465, 3.80949777646
37.7833016611, 3.80954003441
37.8086172757, 3.80958229236
